title,display_title,author,work,doc_type,collection,chunks
124685109-Quantum-Healing.pdf,Quantum Techniques® Client Manual,,,manual,science_bridge,101
17 Gratitude & Appreciation Exercises-Introduction.pdf,17 Gratitude & Appreciation Exercises,,,worksheet,science_bridge,6
17 Meaning & Valued Living Exercises - Introduction.pdf,Meaning & Valued Living Exercises,,,worksheet,unsorted,29
17 Motivation & Goal Achievement Exercises-Introduction.pdf,17 Motivation & Goal Achievement Exercises,,,worksheet,science_bridge,26
17 Productivity & Work Efficiency Exercises-Introduction.pdf,17 Productivity & Work Efficiency Exercises,,,worksheet,unsorted,8
17 Strength Finding Exercises-Introduction.pdf,17 Strength Finding Exercises,,,worksheet,science_bridge,41
1950__fleet___rays_of_the_dawn_full_book_OCR.pdf,Rays of the Dawn,Thurman Fleet,,book,metaphysics,216
201419935-A-spiritual-approach-to-astrology-pdf.pdf,A Complete Textbook of Astrology,Myrna,,book,metaphysics,716
2017_Horizon_Modality_and_Reason_Anothe.pdf,"Horizon, Modality, and Reason: Another Look at Husserl and the Normativity of Perception",Zachary John Hugo,Études phénoménologiques - Phenomenological Studies,article,unsorted,54
235570554-Turning-Fear-Into-Success.pdf,Turning Fear Into Success,,,book,unsorted,15
293380508-The-Untethered-Soul-Twelve-Step-Guide-to-Spiritual-Awakening-pdf.pdf,The Untethered Soul: Twelve-Step Guide to Spiritual Awakening,Michael Singer,The Untethered Soul,book,addiction_recovery,6
"3 HOURS OF FORBIDDEN METAPHYSICS - What Tesla, Thoth, and Goddard Revealed About Your Mind.pdf",3 Hours of Forbidden Metaphysics,Neville Goddard,,book,science_bridge,94
314469660-Staying-sober-Client-Work-Book.pdf,Staying Sober Client Workbook,,,worksheet,addiction_recovery,181
347359946-337845780-Timothy-Ferriss-Tools-of-Titans.pdf,Tools of Titans,Timothy Ferriss,,book,unsorted,990
416317719-Dictionary-of-All-Scriptures-and-Myths-pdf.pdf,416317719-Dictionary-of-All-Scriptures-and-Myths-pdf.pdf,,,,unsorted,2826
416317719-Dictionary-of-All-Scriptures-and-Myths_2-pdf.pdf,Dictionary of All Scriptures and Myths,,,book,unsorted,5036
417284535-Activate-your-Merkaba-1-1-pdf-OCR.pdf,417284535-Activate-your-Merkaba-1-1-pdf-OCR.pdf,,,,unsorted,54
422184102-INTENTION-SETTING-WORKSHEET-SARAHPROUT-pdf.pdf,The Ultimate Intention Setting Worksheet,Sarah Prout,,worksheet,healing_modalities,10
468547-The-Secret-Doctrine-by-H-P-Blavatsky.pdf,The Secret Doctrine,H.P. Blavatsky,,book,metaphysics,3332
473587237-Boundaries-Workbook-Nila-Conzen01-pdf.pdf,Boundaries 101,Nila Conzen,,worksheet,science_bridge,7
476268616-The-Map-Workbook-With-Forms.pdf,The Map Workbook: The Companion Guide to Creating Your Dream Life,Boni Lonnsburry,,book,metaphysics,119
481343054-The-Hermetica-The-Lost-Wisdom-of-the-Pharaohs-by-Timothy-Freke-Peter-Gandy-pdf.pdf,The Hermetica: The Lost Wisdom of the Pharaohs,Tim Freke & Peter Gandy,,book,metaphysics,94
484489715-The-Untethered-Soul-pdf.pdf,The Untethered Soul,Michael Singer,,book,metaphysics,16
484647754-Future-Self-Journal-2020-pdf.pdf,Future Self Journal,,,worksheet,unsorted,17
548198741-The-Surrender-Experiment-by-Michael-a-Singer.pdf,The Surrender Experiment,Michael A. Singer,,book,metaphysics,285
550603691-A-Metaphysical-Interpretation-of-the-Bible-by-Steven-Hairfield.pdf,A Metaphysical Interpretation of the Bible,"Steven L. Hairfield, Ph.D",,book,science_bridge,1407
605739633-Your-Why-Workbook.pdf,Your Why Workbook,,,worksheet,unsorted,8
642555070-1-Third-Eye-Pineal-Gland-pdf.pdf,Third Eye - Pineal Gland,,,article,metaphysics,19
660438026-Blueprint-for-God-Power-Workbook-Final.pdf,Blueprint for God Power,Doctah B. Sirius,Elevation Foundation for Abundant Life,worksheet,metaphysics,20
660665662-TheKybalion.pdf,660665662-TheKybalion.pdf,,,,unsorted,167
676128202-HumanHealthGuide-230914-112844.pdf,Human Health Guide,,,article,unsorted,11
679204999-Hearth-2-SoulSource-Julio-Castro-Divine-Being-Being-Divine-Z-Library.pdf,"Divine Being, Being Divine",Julio Castro,Hearth 2 SoulSource,book,metaphysics,15
679860391-Hearth-Book-1-Heart-Earth-Syncretism-121-Pages-PDF-OCR.pdf,679860391-Hearth-Book-1-Heart-Earth-Syncretism-121-Pages-PDF-OCR.pdf,,,,unsorted,119
682528228-Substance-Use-Disorders-and-Addictions.pdf,Substance Use Disorders and Addictions,,,book,addiction_recovery,590
683556141-The-Biology-of-Belief-10th-Anniversary-Edition-Unleashing-the-Power-of.pdf,The Biology of Belief: 10th Anniversary Edition,Bruce H. Lipton,,book,science_bridge,480
699182036-12-Magical-Laws-of-The-Universe-Full-Book-PDF.pdf,Magical Laws of The Universe,,,book,metaphysics,16
714155310-1938-the-Beginner-s-Guide-to-Stoicism-Tools.pdf,The Beginner's Guide to Stoicism,,,book,unsorted,140
714179430-Harmonic-Alchemy-5-8-in-Full-Book.pdf,714179430-Harmonic-Alchemy-5-8-in-Full-Book.pdf,,,,unsorted,37
717257909-Third-Eye-Code-Book.pdf,Third Eye Code,Nicole Campbell,,book,metaphysics,91
728046965-1281-Transcending-The-Levels-Of-Consciousness-David-R-Hawkins-IND.pdf,Melampaui Tingkat Kesadaran,David R. Hawkins,,book,metaphysics,423
738129530-Book-of-Wisdom-Part-1-Revival-of-Wisdom-08-10.pdf,Book of Wisdom Part 1: Revival of Wisdom,,,book,metaphysics,5
740557864-Indonesia-Healing-and-Recovery-David-R-Hawkins.pdf,740557864-Indonesia-Healing-and-Recovery-David-R-Hawkins.pdf,David R. Hawkins,,,addiction_recovery,797
745723823-The-Addiction-Recovery-Workbook-Powerful-Skills-for-Preventing-Relapse-Every-Day-Paula-A-Freedman.pdf,745723823-The-Addiction-Recovery-Workbook-Powerful-Skills-for-Preventing-Relapse-Every-Day-Paula-A-Freedman.pdf,,,,addiction_recovery,212
74981954-Human-Energy-Systems-OCR.pdf,74981954-Human-Energy-Systems-OCR.pdf,,,,unsorted,359
758689130-1276-Discovery-of-the-Presence-of-God-David-R-Hawkins.pdf,758689130-1276-Discovery-of-the-Presence-of-God-David-R-Hawkins.pdf,David R. Hawkins,,,unsorted,306
807250680-Clinical-Mental-Health-Counseling-in-Community-and-Agency-Settings-5th-Edition.pdf,Clinical Mental Health Counseling in Community and Agency Settings,"Samuel T. Gladding, Deborah W. Newsome",,book,science_bridge,1163
816662870-OceanofPDF-com-The-Foundation-of-Mysticism-Joel-S-Goldsmith.pdf,The Foundation of Mysticism,Joel S. Goldsmith,The Infinite Way,book,metaphysics,453
857419262-Self-Directed-DBT-Skills-A-3-Month-DBT-Workbook-to-Regulate-Intense-Emotions-and-Create-Lasting-Change-with-Dialectical-Behavior-Therapy-Best-Quality.pdf,Self Directed DBT Skills: A 3 Month DBT Workbook to Regulate Intense Emotions and Create Lasting Change with Dialectical Behavior Therapy,,,book,healing_modalities,20
869145584-Codex-of-the-Soul-Astrology-Archetypes-and-Your-Sacred-Blueprint-ISBN-1583944494-9781583944493-all-chapter.pdf,"Codex of the Soul: Astrology, Archetypes, and Your Sacred Blueprint",VerDarLuz,,book,metaphysics,13
886506733-OceanofPDF-com-Neurodivergent-Friendly-Dbt-Workbook-Yevhenii-Lozovyi.pdf,The Neurodivergent Friendly DBT Workbook for Self-Help Individual and Group Settings,Yevhenii Lozovyi,Expanded Dialectical Behaviour Therapy Skills Training Manual,book,healing_modalities,325
887382709-Breaking-the-Habit-of-Being-Yourself-Summary.pdf,Breaking the Habit of Being Yourself,Joe Dispenza,,book,science_bridge,89
905652287-Building-a-Life-Worth-Living-PDF.pdf,Building a Life Worth Living,Marsha M. Linehan,,book,healing_modalities,218
A Conversation with the Inner Child.pdf,A Conversation with the Inner Child,Dr. Jeremy Sutton,,worksheet,healing_modalities,1
A Family Tree of Strengths.pdf,A Family Tree of Strengths,,,article,healing_modalities,6
A Goal-Buddy.pdf,A Goal-Buddy,,,worksheet,unsorted,7
A Mindful Goal Focus.pdf,A Mindful Goal Focus,,,article,science_bridge,10
A Reflected Best Self Portrait.pdf,A Reflected Best Self Portrait,,,worksheet,science_bridge,13
A Strength-Based Resume.pdf,A Strength-Based Résumé,,,worksheet,unsorted,7
A Value-Tattoo.pdf,A Value-Tattoo,,,worksheet,healing_modalities,3
AA-Big-Book-4th-edition.pdf,Alcoholics Anonymous,,Big Book,book,addiction_recovery,426
AN_UNDERSTANDING_OF_HUMAN_ADDICTION_USIN.pdf,An Understanding of Human Addiction Using the Dissipative Quantum System,,,paper,addiction_recovery,30
ATHENA_AWAKENING_A_THEORETICAL_EXPLORATI.pdf,ATHENA AWAKENING: A THEORETICAL EXPLORATION OF CATHARTIC INTEGRATION WITHIN PSYCHEDELIC-ASSISTED PSYCHOTHERAPY FOR POST-TRAUMATIC STRESS DISORDER,Adrian Scharfetter,,dissertation,healing_modalities,236
A_Short_Sociology_of_Archetypes.pdf,A Short Sociology of Archetypes,Mike Sosteric,AU Sociology 420: Writing New Stories,paper,unsorted,38
A_Sociology_of_Tarot.pdf,A Sociology of Tarot,Mike Sosteric,Canadian Journal of Sociology,article,metaphysics,67
Academia_as_therapy.pdf,Academia as therapy,Dee Michell,"Women Activating Agency in Academia: Metaphors, Manifestos and Memoir",chapter,healing_modalities,24
Accepting Yourself As Being Perfectly Imperfect.pdf,Accepting Yourself As Being Perfectly Imperfect,Dr. Jeremy Sutton,,worksheet,unsorted,1
Acquired_Innocence_The_Law_the_Charge_an.pdf,"Acquired Innocence. The Law, the Charge, and K.'s Trial: Franz Kafka and Franz Brentano",Robert Welsh Jordan,Jahrbuch der deutschen Schillergesellschaft,paper,unsorted,48
Against_the_Odds_Care_Leavers_at_Univers.pdf,Against the Odds: Care Leavers at University,"Deidre Michell, David Jackson, Casey Tonkin",,book,unsorted,277
All_the_News_Worth_Reading_The_Christian.pdf,All the News Worth Reading: The Christian Science Monitor,,,article,unsorted,80
An_Evangelical_Analysis_and_Critique_of.pdf,An Evangelical Analysis and Critique of Feminist Christology,Micah Daniel Carter,,dissertation,unsorted,370
Analysis_and_Update_of_the_Taittiriya_Up.pdf,"Analysis, Update, and Commentary of the Taittiriya Upanishad",,,paper,metaphysics,89
Assessment of Life and Career ‘Wants’.pdf,Assessment of Life and Career ‘Wants’,Dr. Jeremy Sutton,,worksheet,unsorted,1
Australian_Care_Leavers_Misery_Memoirs_a.pdf,Australian Care Leavers' 'Misery Memoirs' as Anti-Stigma Activism,Dee Michell,,paper,unsorted,22
Awareness of Progress and Accomplishments.pdf,Awareness of Progress and Accomplishments,,Positive Psychology Toolkit,worksheet,science_bridge,3
BB-PPG-Study Guide.pdf,Big Book Study Guide,,Alcoholics Anonymous,book,addiction_recovery,190
BCAMD-HH July Tuition Sheet 2023.pdf,Tuition Sheet July 2023,,Quantum University,worksheet,unsorted,3
BCAMD-HH.pdf,"Fast Track Bachelor of Completion, Master, and Doctorate in Holistic Health",,,brochure,science_bridge,3
BCAMDP-NM July 2023 Tuition Sheet.pdf,Tuition Sheet July 2023,,Quantum University,worksheet,unsorted,3
BCAMDP-NM.pdf,Doctor of Natural Medicine Program Curriculum,,,worksheet,unsorted,3
BHBY CH 10-11.pdf,Creative State Induction and Habit Pruning,Joe Dispenza,Breaking the Habit of Being Yourself,book,metaphysics,38
BHBY CH 7 - ADDICTION.pdf,Breaking the Habit of Being Yourself,Joe Dispenza,Breaking the Habit of Being Yourself,book,metaphysics,23
BHBY CH 8-Meditation for Transformation.pdf,Meditation for Self-Transformation,Joe Dispenza,Breaking the Habit of Being Yourself,book,metaphysics,32
BHBY CH5-PT2.pdf,Breaking Habit CH 5 - PT 2: Impact of Emotions on Health and the Power of Thought,Joe Dispenza,Breaking the Habit of Being Yourself,book,metaphysics,21
BHBY CH9.pdf,Stepping Towards Your New Destiny Through Meditation,Joe Dispenza,Breaking the Habit of Being Yourself,book,metaphysics,16
BHBY-CH-13.pdf,"Creating and Rehearsing a New You: Week Four, Step Seven",Joe Dispenza,Breaking the Habit of Being Yourself,book,metaphysics,27
BHBY-CH-6.pdf,Three Brains: Thinking to Doing to Being,Joe Dispenza,Breaking the Habit of Being Yourself,book,metaphysics,34
BHBY-CH2.pdf,Breaking Habit - CH 2 - Quantum Mechanics and the Influence of Mind on Reality,Joe Dispenza,Breaking the Habit of Being Yourself,book,metaphysics,25
BHBY-CH3.pdf,Breaking the Habit,Joe Dispenza,Breaking the Habit of Being Yourself,book,metaphysics,56
BHBY-CH4-1.pdf,Overcoming Time: The Impact of Subconscious Mind on Emotional States,Joe Dispenza,Breaking the Habit of Being Yourself,book,metaphysics,12
BHBY-CH4-2.pdf,Living in the Present to Shape a Desired Future,Joe Dispenza,Breaking the Habit of Being Yourself,book,metaphysics,7
BHBY-CH5-1.pdf,Survival vs. Creation,Joe Dispenza,Breaking the Habit of Being Yourself,book,metaphysics,15
BHBY-CH8.pdf,Understanding Brainwaves and Meditation,Joe Dispenza,Breaking the Habit of Being Yourself,book,metaphysics,25
BHBY-INTRO.pdf,Breaking the Habit of Being Yourself,Joe Dispenza,Breaking the Habit of Being Yourself,book,metaphysics,19
BIOLOGICAL_INTERACTION_AND_HOMEOSTASIS_I.docx,Biological Interaction and Homeostasis in Evolution,Dozie Iwuh,,paper,unsorted,19
Basti_Intelligence_Reference5.pdf,Formal ontology of the natural computation,Gianfranco Basti,,paper,science_bridge,50
Becoming More Productive by Outsourcing.pdf,Becoming More Productive by Outsourcing,Dr. Hugo Alberts and Elaine Houston,,worksheet,unsorted,8
Before-You-Die Bucket List.pdf,Before-You-Die Bucket List,Lucinda (PsyD) and Hugo Alberts (PhD),,worksheet,unsorted,5
Bohr_Heidegger_The_Unspeakable_and_Dis_C.pdf,"Bohr, Heidegger, the Unspeakable and Dis-Closure: An Exercise in Quantum Neurophilosophy",Gordon Globus,NeuroQuantology,article,science_bridge,30
Bread_and_Roses_Voices_of_Australian_Aca.docx,Bread and Roses: Voices of Australian Academics from the Working Class,,,book,unsorted,27
Breaking_Convention_The_3rd_Internationa.pdf,Breaking Convention,,,conference proceedings,metaphysics,152
Breaking_Convention_The_4th_Internationa.pdf,Breaking Convention: 4th International Conference on Psychedelic Consciousness,,,conference proceedings,metaphysics,196
Brentano_and_Husserl_on_Self_awareness.pdf,Brentano and Husserl on Self-Awareness,Dan Zahavi,Études Phénoménologiques,article,metaphysics,64
Bruce Lipton-Power of Consciosness.pdf,The Power of Consciousness and Programming,Bruce Lipton,,transcript,science_bridge,98
Building Self-Efficacy by Taking Small Steps.pdf,Building Self-Efficacy by Taking Small Steps,"Hugo Alberts, Lucinda Poole",,worksheet,science_bridge,6
CAN_LINKING_THE_RECALL_SYSTEM_TO_ADDICTI.pdf,Can Linking the Recall System to Addiction Enable a Better Understanding of the Dopaminergic Pathway?,Dozie Iwuh,,paper,addiction_recovery,17
CHARISMATIC_HEALING_A_Phenomenological_S.pdf,"Charismatic Healing: A Phenomenological Study of Spiritual Healing in Ottawa, Canada",Nadya A. Pohran,,thesis,science_bridge,278
CT Handbook-Student Handbook-OCR.pdf,Handbook for Students and 'On-the-Beam' Clubs,,Concept-Therapy Institute,handbook,healing_modalities,63
Challenging_the_transcendental_position.pdf,Challenging the transcendental position: the holism of experience,Manly P. Hall,,article,unsorted,54
Chaos_and_Complexity_Letters_THE_BRAIN_I.pdf,"The Brain is Like an Orchestra. Better Yet, It is Like a Jazz Combo, Which Doesn’t Need a Conductor",Giuseppe Vitiello,Chaos and Complexity Letters,article,science_bridge,38
Chaucer_s_Knight_s_Tale_and_the_Narrativ.pdf,Forty-Seventh International Congress on Medieval Studies,,,conference program,unsorted,304
Choice Point.pdf,Choice Point,Lucinda Poole (Ph.D.),,worksheet,science_bridge,5
Chreods_Homeorhesis_and_Biofields_Findin.pdf,"Chreods, Homeorhesis and Biofields: FINDING THE RIGHT PATH FOR SCIENCE THROUGH DAOISM",Arran Gare,"Progress in Biophysics and Molecular Biology, Special Issue on Integral Biomathics",article,science_bridge,178
Christian_Science_versus_the_Rest_Cure_i.pdf,Christian Science versus the Rest Cure in Frances Hodgson Burnett's The Secret Garden,Anne Stiles,,article,unsorted,49
Classic_Hallucinogens_and_Mystical_Exper.pdf,Classic Hallucinogens and Mystical Experiences: Phenomenology and Neural Correlates,Manly P. Hall,Behavioral Neurobiology of Psychedelic Drugs,chapter,science_bridge,88
Classism_on_campus_Exploring_and_extendi.docx,Classism on campus? Exploring and extending understandings of social class in the contemporary higher education debate,Angelique Bletsas and Dee Michell,Universities in Transition: Foregrounding Social Contexts of Knowledge in the First Year Experience,chapter,unsorted,36
Completing Sentences to Clarify Values.pdf,Completing Sentences to Clarify Values,Lucinda Poole,Values clarification in counseling and psychotherapy: Practical strategies for individual and group settings,worksheet,healing_modalities,6
Connection_100_An_Auto_ethnography_of_my.pdf,Connection 100—An Auto-Ethnography of My (Mystical) Connection Experiences,Mike Sosteric,Religions,article,science_bridge,85
Crafting Team Tasks Around Strengths.pdf,Crafting Team Tasks Around Strengths,,,worksheet,unsorted,6
Creating Realistic Optimism for Resilience.pdf,Creating Realistic Optimism for Resilience,Dr. Jeremy Sutton,,worksheet,science_bridge,1
Creating a Comfortable Workspace.pdf,Creating a Comfortable Workspace,Elaine Houston,,worksheet,unsorted,17
Critique_of_Husserls_Idealist_Phenomenol.pdf,Critique of Husserl’s Idealist Phenomenologism of Essences,Paul Gerard Horrigan,,paper,unsorted,52
Cruel_Women_Findings_from_the_Long_Histo.docx,Cruel Women: Findings from the Long History of Foster Care Project,,,paper,unsorted,17
Cultivating Gratitude Through Counterfactual Thinking.pdf,Cultivating Gratitude Through Counterfactual Thinking,,,article,science_bridge,4
Cultural_Neurophenomenology_of_Psychedel.pdf,Cultural Neurophenomenology of Psychedelic Thought: Guiding the “Unconstrained” Mind Through Ritual Context,"Michael Lifshitz, Eli Sheiner, and Laurence J. Kirmayer","The Oxford Handbook of Spontaneous Thought: Mind-Wandering, Creativity, and Dream",chapter,science_bridge,95
Current_perspectives_on_psychedelic_ther.pdf,Current perspectives on psychedelic therapy: use of serotonergic hallucinogens in clinical interventions,Albert Garcia-Romeu & William A. Richards,International Review of Psychiatry,article,healing_modalities,100
DMT_entities.pdf,Breaking Convention,,,conference proceedings,metaphysics,152
Daily Gratitude Check-In.pdf,Daily Gratitude Check-In,,,worksheet,science_bridge,4
Daily Motivational Awareness.pdf,Daily Motivational Awareness,,Positive Psychology Toolkit,worksheet,unsorted,3
Daily Strengths Awareness.pdf,Daily Strengths Awareness,,,worksheet,science_bridge,3
Das_Gesetz_die_Anklage_und_K_s_Prozess_F.pdf,"Das Gesetz, die Anklage und K.s Prozess",Franz Kafka und Franz Brentano,Jahrbuch der deutschen Schillergesellschaft,article,unsorted,51
Dear_Miss_Spence_An_Open_Letter_to_Cath.docx,Dear Miss Spence: An Open Letter to Catherine Helen Spence (1825-1910),,Life Writing,article,unsorted,38
Deep Work Plan.pdf,Deep Work Plan,Dr. Lucinda Poole and Dr. Hugo Alberts,,worksheet,science_bridge,7
Detecting Mind Wandering.pdf,Detecting Mind Wandering,,,article,science_bridge,7
Developing_Guidelines_and_Competencies_f.pdf,Developing Guidelines and Competencies for the Training of Psychedelic Therapists,Janis Phelps,Journal of Humanistic Psychology,article,healing_modalities,77
Dispenza-SuperNatural-CH-11-Space-Time.pdf,Understanding Space-Time and Time-Space,Joe Dispenza,Supernatural,chapter,science_bridge,57
Dissipation_and_Memory_Capacity_in_the_Q.pdf,Dissipation and memory capacity in the quantum brain model,Giuseppe Vitiello,,paper,science_bridge,33
Dissipative_neurodynamics_in_perception.pdf,Dissipative neurodynamics in perception,Walter J. Freeman and Giuseppe Vitiello,,paper,science_bridge,55
Ecodelia_Towards_a_transpersonal_ecopsyc.pdf,Breaking Convention 2017,,,conference program,metaphysics,197
Eden_Garden_of.pdf,"Eden, Garden of",,Science and Health,chapter,unsorted,69
Eliminate Procrastination.pdf,Eliminate Procrastination,Elaine Houston,,worksheet,science_bridge,12
Energy Drainers and Givers at Work.pdf,Energy Drainers and Givers at Work,Dr. Lucinda Poole and Dr. Hugo Alberts,,worksheet,science_bridge,8
Entanglement_and_Phase_Mediated_Correlat.pdf,Entanglement and Phase-Mediated Correlations in Quantum Field Theory. Application to Brain-Mind States,Shantena A. Sabbadini and Giuseppe Vitiello,,paper,science_bridge,51
Essere_nel_mondo_Io_e_il_mio_Doppio.pdf,Essere nel mondo: Io e il mio Doppio,Giuseppe Vitiello,,paper,science_bridge,41
Everybody_has_a_mystical_connection_expe.docx,Everybody has a connection experience,Dr. Mike Sosteric,Spirituality Studies,paper,metaphysics,24
Exploring Past Resilience.pdf,Exploring Past Resilience,,,worksheet,unsorted,2
Expressing Anger.pdf,Expressing Anger,,,worksheet,unsorted,1
Facing the Effect of Fear-Based Beliefs on Goal Achievement.pdf,Facing the Effect of Fear-Based Beliefs on Goal Achievement,,,worksheet,science_bridge,4
Father Martin Chalk Talk on Alcohol - Family and Forgiveness.pdf,Chalk Talk on Alcohol - Family and Forgiveness,,,transcript,addiction_recovery,25
Fear inventory Example (1) (1).pdf,Fear Inventory,,,worksheet,metaphysics,5
Fear inventory template.docx,Fear Inventory,,Alcoholics Anonymous,worksheet,metaphysics,1
Fear-Inventory-3-1.pdf,Fear Inventory,,,worksheet,unsorted,1
Find the Person Behind the Strengths.pdf,Find the Person Behind the Strengths,,,worksheet,science_bridge,4
Finding a Complementary Partner.pdf,Finding a Complementary Partner,Elaine Houston,,worksheet,unsorted,7
Foster_care_stigma_and_the_study_unkilla.docx,"Foster care, stigma, and the sturdy, unkillable children of the very poor",,Continuum: Journal of Media & Cultural Studies,article,science_bridge,44
Fractals_as_macroscopic_manifestation_of.pdf,Fractals as macroscopic manifestation of squeezed coherent states and brain dynamics,Giuseppe Vitiello,,paper,science_bridge,32
From_Affectivity_to_Subjectivity_Husserl.pdf,From Affectivity to Subjectivity: Husserl’s Phenomenology Revisited,Christian Lotz,,paper,unsorted,350
From_Hagiography_to_Personal_Pain_Storie.docx,From Hagiography to Personal Pain: Stories of Australia foster care from the 19th century to the 21st,Dee Michell,Adoption & Culture,paper,unsorted,49
From_Zoroaster_to_Star_Wars_Jesus_to_Mar.pdf,"From Zoroaster to Star Wars, Jesus to Marx: The Art, Science and Technology of Human Manipulation",Mike Sosteric,,article,metaphysics,67
From_the_Question_of_Time_to_the_Time_of.pdf,From the Question of Time to the Time of Questioning: Husserl and the Ambiguity of Time,"KWOK, Sai Hang",,thesis,unsorted,552
Giving Yourself Permission to Make Mistakes.pdf,Giving Yourself Permission to Make Mistakes,Elaine Houston,,worksheet,unsorted,12
Gratitude Journal.pdf,Gratitude Journal,,Positive Psychology Toolkit,worksheet,science_bridge,4
Gratitude Letter.pdf,Gratitude Letter,,Positive Psychology Toolkit,worksheet,science_bridge,3
Gratitude Meditation.pdf,Gratitude Meditation,,,worksheet,science_bridge,4
Gratitude Resentment and Appreciation Test.pdf,Gratitude Resentment and Appreciation Test,,,worksheet,science_bridge,7
Gratitude by Mental Elimination.pdf,Gratitude by Mental Elimination,,Positive Psychology Toolkit,worksheet,science_bridge,2
Gratitude for Important People.pdf,Gratitude for Important People,,Positive Psychology Toolkit,worksheet,science_bridge,3
Gratitude in Romantic Relationships.pdf,Gratitude in Romantic Relationships,,,article,unsorted,8
HOW_BIOLOGICAL_INTERACTION_EXPLAINS_THE.docx,How Biological Interaction Explains the Origin of Life,Dozie Iwuh,,paper,unsorted,31
Habit Tracker.pdf,Habit Tracker,Elaine Houston,,worksheet,science_bridge,10
Hartmann_Schutz_and_the_Hermeneutics_of.pdf,"Hartmann, Schutz and the Hermeneutics of Action",Robert Welsh Jordan,,paper,unsorted,32
Hawkins-Addiction-3.pdf,"Addiction: 3 Understanding Energy Fields, Emotions, and Their Impacts on Human Behavior",David R. Hawkins,,transcript,addiction_recovery,44
Hawkins-Addiction-4-12-Steps.pdf,Addiction: The 12 Steps of Addiction Recovery,David R. Hawkins,,transcript,addiction_recovery,28
Hawkins-Addiction-6.pdf,The Importance of Experience and Competition in Personal Development,David R. Hawkins,,transcript,addiction_recovery,5
Hawkins-Addiction-CH-2.pdf,The Way Out of Addiction: Overcoming Fear and Addiction Through Self-Healing,David R. Hawkins,Addiction,chapter,addiction_recovery,9
Hawkins-Addiction-Guide.pdf,"Addiction: Exploring the Concepts of Pride, Ownership, and Spiritual Transformation",David R. Hawkins,,transcript,addiction_recovery,14
Healing From Trauma Through Writing.pdf,Healing From Trauma Through Writing,,,worksheet,healing_modalities,4
Hearth-Book-1-Heart-Earth-Syncretism-121-OCR.pdf,Heart of Earth: Syncretism,,Hearth,book,metaphysics,45
How_does_one_prove_ones_elf_Exploring_th.pdf,3rd International Conference on Psychedelic Consciousness,,,conference program,metaphysics,152
How_the_will_Mediates_Brain_Functions_A.pdf,How the will Mediates Brain Functions: A Look at Dyslexia (and Dyscalculia),Dozie Iwuh,,article,science_bridge,42
Human_Abductive_Cognition_Vindicated_Com.pdf,Human Abductive Cognition Vindicated,Lorenzo Magnani,,article,unsorted,41
Human_dependence_human_needs_Maslow_and.pdf,"Human dependence, human needs, Maslow, and the Circle of Seven Essential Needs",Mike Sosteric,,transcript,science_bridge,12
Husserl_on_Human_Subjects_as_Sense_Giver.pdf,Husserl on Human Subjects as Sense-Givers and Sense-Apprehenders in a World of Significance,Dermot Moran,,paper,metaphysics,69
Husserl_versus_Neo_Kantianism_Revisited.pdf,"Husserl versus Neo-Kantianism Revisited: On Skepticism, Foundationalism, and Intuition",Rosemary R. P. Lerner,The New Yearbook for Phenomenology and Phenomenological Philosophy,article,unsorted,86
Husserlian_Phenomenology_The_Body_At_Cri.pdf,Husserlian Phenomenology: The Living Body at Crisis,Jenske Verhamme,,paper,unsorted,33
Husserls_Critique_of_Brentanos_Doctrine.pdf,Husserl’s Critique of Brentano’s Doctrine of Inner Perception and its Significance for Understanding Husserl’s Method in Phenomenology,Cyril McDonnell,,article,unsorted,138
Husserls_static_and_genetic_phenomenolog.pdf,Husserl’s static and genetic phenomenology: Translator’s introduction to two essays,Anthony J. Steinbock,Husserliana Collected Works,article,unsorted,54
Hyperspatial_journeys_with_your_goodself.pdf,Breaking Convention,,,conference program,science_bridge,204
IGWEBUIKE_PHILOSOPHY_AND_COMPLEMENTARY_R.pdf,Igwebuike Philosophy And Complementary Relations,Ikechukwu Anthony KANU,,book,unsorted,441
IM-900-Biology of Belief-Course+Exam-Printout .pdf,Biology of Belief Course Exam,"Dr. Bruce H. Lipton, Ph.D",Biology of Belief,worksheet,science_bridge,17
IQ-300 - Five Pillars Guidelines - Case Study.pdf,Five Pillars Assessment Guidelines,,,worksheet,science_bridge,4
IQ-501+Course+Printout+1-dispenza-1.pdf,Breaking the Habit of Being Yourself,Joe Dispenza,,workshop,science_bridge,12
IQ_501-Course_Printout-2-Dispenza_-OCR.pdf,IQ-501 - Neuroplasticity,Joe Dispenza,,course material,science_bridge,11
Identify & Eliminate Your Workplace Time Wasters.pdf,Identify and Eliminate Workplace Time Wasters,Dr. Hugo Alberts and Elaine Houston,,worksheet,unsorted,7
Implementation Intentions.pdf,Implementation Intentions,Noel Lyons MSc,,worksheet,science_bridge,6
Increasing Awareness of Complaining.pdf,Increasing Awareness of Complaining,,Positive Psychology Toolkit,article,unsorted,4
Increasing Self-Control through Repeated Practice.pdf,Increasing Self-Control through Repeated Practice,,,article,science_bridge,5
Indigenous_perspectives_on_psychedelics.pdf,Breaking Convention,,,conference program,science_bridge,204
Introduction_to_Phenomenology.pdf,Phenomenology,Edmund Husserl,Encyclopaedia Britannica,article,science_bridge,20
Inward and Outward Strength Expression.pdf,Inward and Outward Strength Expression,Dr. Lucinda Poole and Dr. Hugo Alberts,,worksheet,science_bridge,6
Julian_of_Norwich_and_Mary_Baker_Eddy.pdf,Julian of Norwich and Mary Baker Eddy,Deidre Michell,,paper,unsorted,76
Karre-AA-Speaker-Transcript.pdf,Carrie Huff's Sobriety Journey,Carrie Huff,,transcript,addiction_recovery,42
Learning From Value-Based Actions of the Past.pdf,Learning From Value-Based Actions of the Past,,Positive Psychology Toolkit,worksheet,science_bridge,5
Learning to Say No.pdf,Learning to Say 'No',,Essentialism: The Disciplined Pursuit of Less,worksheet,unsorted,5
Leaving the Comfort Zone.pdf,Leaving the Comfort Zone,"Hugo Alberts, Lucinda Poole",,worksheet,metaphysics,9
Life_On_Earth_as_a_Product_of_Biological.pdf,Life (On Earth) as a Product of Biological Interaction? An Inquiry,Dozie Iwuh,,article,science_bridge,24
Life_time_and_hierarchy_of_memory_in_the.pdf,Life-time and hierarchy of memory in the dissipative quantum model of brain,Eleonora Alfinito and Giuseppe Vitiello,,paper,science_bridge,12
Little Gratitude Habits.pdf,Little Gratitude Habits,,,worksheet,science_bridge,5
"Loving Others, Better.pdf","Loving Others, Better",,,worksheet,unsorted,3
Making Important Things More Enjoyable.pdf,Making Important Things More Enjoyable,Elaine Houston,,worksheet,unsorted,6
Matching_and_selection_of_a_specific_sub.pdf,Matching and Selection of a Specific Subjective Experience: Congruate Matching and Experience,Ram Lakhan Pandey Vimal,Journal of Integrative Neuroscience,article,science_bridge,350
Matter_and_Mind_are_Entangled_in_EEG_Amp.pdf,Matter and Mind are Entangled in EEG Amplitude Modulation and its Double,Walter J Freeman and Giuseppe Vitiello,,paper,science_bridge,29
Maximizing the ROI of Your Time.pdf,Maximizing the ROI of Your Time,Dr. Hugo Alberts and Elaine Houston,,worksheet,unsorted,8
Meaningful Photography.pdf,Meaningful Photography,Michael Steger,,worksheet,healing_modalities,4
Mental Status Exam - Exploring Strengths.pdf,Mental Status Exam: Exploring Strengths,,,worksheet,unsorted,2
Minds_Membranes_Microtubules_and_Madness.pdf,"Minds, Membranes, Microtubules and Madness",,,paper,science_bridge,83
Motivational Vision Board.pdf,Motivational Vision Board,,,article,science_bridge,9
Moving from Rational Gratitude to Experiential Gratitude Meditation.pdf,Moving from Rational Gratitude to Experiential Gratitude Meditation,Robert Emmons,,article,science_bridge,6
Murphey-POSM-CH-3.pdf,The Miracle Working Power of the Subconscious Mind,Joseph Murphy,The Power of the Subconscious Mind,book,metaphysics,19
Murphey-POSM-CH-5.pdf,The Healing Power of the Subconscious Mind,Joseph Murphy,The Power of the Subconscious Mind,book,metaphysics,13
Murphey-POSM-CH-6.pdf,Practical Techniques in Mental Healings,Joseph Murphy,The Power of the Subconscious Mind,book,metaphysics,23
Murphy-POSM-CH-1.pdf,Unlocking the Power of Your Subconscious Mind,Joseph Murphy,The Power of the Subconscious Mind,book,metaphysics,17
Murphy-POSM-CH-2.pdf,How The Mind Works - Conscious and Subconscious Mind,Joseph Murphy,The Power of the Subconscious Mind,book,metaphysics,24
Must_Phenomenology_remain_Cartesian.pdf,Must Phenomenology Remain Cartesian?,,,paper,unsorted,52
My Gravestone.pdf,My Gravestone,,,worksheet,science_bridge,3
Mystical_experience_and_global_revolutio.pdf,Mystical Experience and Global Revolution,Mike Sosteric,,paper,metaphysics,47
Naikan Reflection.pdf,Naikan Reflection,,,article,addiction_recovery,5
Neurobiological Addiction Article_Scientific Journal.pdf,Neurobiology of Addiction,,The New England Journal of Medicine,article,addiction_recovery,30
New_Thinking_New_Thought_New_Age_The_The.pdf,"New Thinking, New Thought, New Age: The Theology and Influence of Emma Curtis Hopkins (1849-1925)",Deidre Michell,Flinders University Postgraduate Conference,paper,metaphysics,34
New_Thought_and_the_Inner_Child_in_Franc.pdf,New Thought and the Inner Child in Frances Hodgson Burnett’s Little Lord Fauntleroy,Anne Stiles,Nineteenth-Century Literature,article,healing_modalities,46
Notes_on_the_Intentionality_of_Conscious.pdf,Notes on the Intentionality of Consciousness,,,worksheet,metaphysics,71
OFS_25_Psychedelic_Induced_Transpersonal.pdf,"Psychedelic Induced Transpersonal Experiences, Therapies, and Their Implications for Transpersonal Psychology",Thomas B. Roberts and Michael J. Winkelman,,chapter,science_bridge,48
Observing Anxiety Mindfully.pdf,Observing Anxiety Mindfully,,,worksheet,healing_modalities,3
On_Not_Living_in_the_Primordial_World_Hu.pdf,On Not Living in the Primordial World: Husserl's Correction of his Fifth Cartesian Meditation,ROBERT WELSH JORDAN,,paper,metaphysics,32
Oral_Histories_and_Enlightened_Witnessin.docx,Oral Histories and Enlightened Witnessing,Dee Michell,Children’s Voices from the Past. New Historical and Interdisciplinary Perspectives,chapter,unsorted,37
Outline_for_course_content_Phenomenologi.pdf,Ethics and Value Theory,,,notes,unsorted,38
Personal Energy Restoration Plan.pdf,Personal Energy Restoration Plan,,,worksheet,unsorted,8
Personalizing Strengths.pdf,Personalizing Strengths,,Positive Psychology Toolkit,worksheet,science_bridge,3
Phenomenology_by_Husserl.docx,Phenomenology,Edmund Husserl,,paper,metaphysics,21
Phenomenology_of_reflection.pdf,Phenomenology of Reflection,Dan Zahavi,,chapter,metaphysics,35
Phenomenology_of_time_consciousness_defe.pdf,A Phenomenology of Time-Consciousness,,,thesis,metaphysics,191
Pink_Floyds_The_Wall_A_Psychological_Spi.pdf,Pink Floyd’s The Wall – A Psychological/Spiritual Classic,Mike Sosteric,,paper,science_bridge,8
Plant_medicines.pdf,Breaking Convention 2023 Conference Programme,,,conference programme,science_bridge,204
Planting_a_seed_encouraging_service_user.pdf,Planting a seed: encouraging service users towards educational goals,"Michele Jarldorn, Liz Beddoe, Heather Fraser & Dee Michell",Social Work Education,article,science_bridge,36
Pouring_in_the_Gold.pdf,Pouring in the Gold,Dee Michell,,paper,healing_modalities,13
Practicing Essentialism at Work.pdf,Practicing Essentialism at Work,Dr. Lucinda Poole and Dr. Hugo Al,,worksheet,unsorted,8
Priority Dartboard.pdf,Priority Dartboard,Elaine Houston,,worksheet,unsorted,7
Proctor-Best-Paradigm-1.pdf,Transforming Your Life through Paradigm Shifts and Financial Independence,Bob Proctor,,transcript,metaphysics,24
Proctor-U-Paradigm-1.pdf,Proctor-U-1: Paradigm Changing Your Paradigm for Financial Success,Bob Proctor,,transcript,metaphysics,35
Proctor-U-Paradigm-2.pdf,Changing Paradigms,Bob Proctor,,transcript,metaphysics,14
Promoting Altruism to Enhance Purpose.pdf,Promoting Altruism to Enhance Purpose,"Delvina Miremadi-Baldino, Ph.D.",,worksheet,science_bridge,5
Psychedelic_Induced_Transpersonal_Experi.pdf,"Psychedelic Induced Transpersonal Experiences, Therapies, and Their Implications for Transpersonal Psychology",Thomas B. Roberts and Michael J. Winkelman,,chapter,science_bridge,48
Psychedelic_Substances_And_The_Alleviati.pdf,"On The Nature of Psychedelic Substances, The Profound Experiences They Engender, And The Alleviation Of Neuroexistential Angst",Edward Burston,,thesis,addiction_recovery,117
Psychedelic_synaesthesia_New_light_on_an.pdf,3rd International Conference on Psychedelic Consciousness,,,conference program,metaphysics,152
Psychedelics_eco_consciousness_and_ecolo.pdf,Breaking Convention 2023 Conference Programme,,,conference programme,science_bridge,204
Quantum_Brain_Dynamics_A_Possibility_of.pdf,Quantum Brain Dynamics. A Possibility of Having a Quantum Interpretation of the Brain,Dozie Iwuh O.S.A,,paper,science_bridge,31
Quantum_Intentionality.pdf,Quantum Intentionality,Gordon Globus,NeuroQuantology,article,science_bridge,38
Quantum_Noise_Induced_Entanglement_and_C.pdf,Quantum noise induced entanglement and chaos in the dissipative quantum model of brain,Eliano Pessa and Giuseppe Vitiello,,paper,science_bridge,30
Quantum_neurophysics_From_non_living_mat.pdf,Quantum neurophysics: From non-living matter to quantum neurobiology and psychopathology,"Sultan Tarlacı, Massimo Pregnolato",,paper,science_bridge,86
Quid_est_christianum_esse_Recognizing_a.pdf,Recognizing a Christian,,,paper,unsorted,438
REDUCTION_AND_SOLIPSISM_Edmund_Husserls.pdf,"Reduction and Solipsism, Edmund Husserl's Method of Reduction and Solipsism Critique Presented Against It",Minna-Kerttu Vienola,,paper,unsorted,199
Readiness to Change Assessment.pdf,Readiness to Change Assessment,,,worksheet,healing_modalities,12
Real_Life_Super_Heroes.pdf,Real Life Super Heroes,Dee Michell,,paper,unsorted,108
Recovering_from_Doing_Research_as_a_Surv.pdf,Recovering from Doing Research as a Survivor-Researcher,Dee E. Michell,The Qualitative Report,article,healing_modalities,42
Removing Relationship Disturbances.pdf,Removing Relationship Disturbances,Dr. Jeremy Sutton,,worksheet,science_bridge,1
Resolving Jealousy Using the Camera-Lens Metaphor.pdf,Resolving Jealousy Using the Camera-Lens Metaphor,Dr. Lucinda Poole and Dr. Hugo Alberts,,worksheet,unsorted,8
Response_to_Saad_The_Sociology_of_Spirit.pdf,Response to Saad: The Sociology of Spirituality,Mike Sosteric,,article,metaphysics,15
Rethinking_the_Origins_and_Purpose_of_Re.pdf,"Rethinking the Origins and Purpose of Religion: Jesus, Constantine, and the Containment of Global Revolution",Mike Sosteric,Athens Journal of Social Sciences,article,unsorted,46
Review_of_Edmund_Husserls_Edmund_Husserl.pdf,"Vorlesungen über Ethik und Wertlehre, 1908-1914",Edmund Husserl,"Husserliana, Vol. 28",book,unsorted,30
Rocket_Scientists_Guide_to_Authentic_Spi.pdf,Rocket Scientists’ Guide to Authentic Spirituality,Mike Sosteric,,book,metaphysics,229
Sales Packet - Study Materials.pdf,Teacher Recommended Media and Literature by Chapter,Gabor Mate,,worksheet,science_bridge,19
Savor the Moment.pdf,Savor the Moment,Rachel Colla,,worksheet,science_bridge,4
Self-Assessment for Assertiveness Self-Discovery.pdf,Self-Assessment for Assertiveness Self-Discovery,Dr. Jeremy Sutton,,worksheet,unsorted,1
Self-Concordant Goal Analysis.pdf,Self-Concordant Goal Analysis,,,article,unsorted,10
Self-Contract.pdf,Self-Contract,Howard Kirschenbaum,Values Clarification,worksheet,science_bridge,4
Self-Esteem Journal For Adults Worksheet.pdf,Self-Esteem Journal For Adults,,,worksheet,healing_modalities,1
Silent Gratitude Mapping.pdf,Silent Gratitude Mapping,Rachel Colla,,worksheet,unsorted,4
Similarities_in_Difficulties_Australians.docx,Similarities in Difficulties: Australians raised in Out-of-home care,Pam Petrilli & Deidre Michell,"Challenges to Living Together. Transculturalism, Migration, Exploitation",chapter,unsorted,33
Softening_the_crystal_scaffold_for_lifes.pdf,Softening the “crystal-scaffold” for life’s emergence,Gargi Mitra-Delmotte and Asoke Nath Mitra,,paper,unsorted,51
Some_reflections_on_Husserlian_intention.pdf,"Some reflections on Husserlian intentionality, intentionalism, and non-propositional contents",Corijn van Mazijk,Canadian Journal of Philosophy,article,metaphysics,42
Spirited_Pioneer_The_Life_of_Emma_Hardin.docx,Spirited Pioneer: The Life of Emma Hardinge Britten,Lisa Ann Howe,,dissertation,unsorted,289
Strength Collisions.pdf,Strength Collisions,"Hugo Alberts, Lucinda Poole",,worksheet,science_bridge,6
Strength Journaling.pdf,Strength Journaling,Dr. Lucinda Poole and Dr. Hugo Alberts,,worksheet,science_bridge,6
Strengths Interviewing Guidelines.pdf,Strengths Interviewing Guidelines,,Positive Psychology Toolkit,worksheet,science_bridge,6
Strengths Spotting in Groups.pdf,Strengths Spotting in Groups,,Positive Psychology Toolkit,worksheet,science_bridge,3
Strengths in Significant Moments.pdf,Strengths in Significant Moments,,Positive Psychology Toolkit,worksheet,science_bridge,3
Summing_it_up_What_we_think_we_know_abou.pdf,Divine Molecule Talks at Tyringham – Part II,,,transcript,metaphysics,50
Symmetries_and_Metamorphoses.pdf,Symmetries and Metamorphoses,Giuseppe Vitiello,,paper,science_bridge,48
Task Prioritization.pdf,Task Prioritization,,Positive Psychology Toolkit,article,unsorted,10
Teaching_Islam_to_Islam_Teachers_Islamic.pdf,2016 AAR Annual Meeting Preliminary Program,,,program,unsorted,284
Team Branding.pdf,Team Branding,,,worksheet,unsorted,4
Telling an Empathy Story.pdf,Telling an Empathy Story,Dr. Jeremy Sutton,,worksheet,unsorted,1
Template+Link_Notion+Habit+Journal.pdf,Notion Habit Journal,,,worksheet,unsorted,1
The 80-20 Way to Productivity.pdf,The 80/20 Way to Productivity,Dr. Hugo Alberts and Elaine Houston,,worksheet,unsorted,12
The Beyond Limitation Question Technique.pdf,The Beyond Limitation Question Technique,,,worksheet,science_bridge,3
The Biology of Belief Cover and 1st Chapter.pdf,The Biology of Belief,Bruce Lipton,,book,science_bridge,46
The Bull's-Eye Values Survey.pdf,The Bull’s-Eye Values Survey,Tobias Lundgren,,worksheet,unsorted,5
The Costs of Perfectionism at Work.pdf,The Costs of Perfectionism at Work,Dr. Lucinda Poole and Dr. Hugo Alberts,,worksheet,unsorted,7
The Five Senses Worksheet.pdf,The Five Senses Worksheet,,,worksheet,healing_modalities,2
The Freelancer Approach.pdf,The Freelancer Approach,,,worksheet,unsorted,2
The Strengths of Inspirational People.pdf,The Strengths of Inspirational People,,,worksheet,unsorted,3
The Ultimate Motivational Interviewing Guide.pdf,The Ultimate Motivational Interviewing Guide,Gabor Mate,,article,science_bridge,11
The Values Diagrams.pdf,The Values Diagrams,,,worksheet,science_bridge,3
The Values Lantern.pdf,The Values Lantern,Brené Brown,,worksheet,science_bridge,5
The Win-Win Waltz Worksheet (2).pdf,The Win-Win Waltz Worksheet,"Susan Heitler, Ph.D.",,worksheet,healing_modalities,1
The-Power-of-Your-Subconscious-Mind-by-Joseph-Murphy-SMSE-2010-pdf.pdf,The Power of Your Subconscious Mind,Joseph Murphy,,book,science_bridge,383
The-Secret-Teachings-of-All-Ages-Manly-Hall-pdf.pdf,The-Secret-Teachings-of-All-Ages-Manly-Hall-pdf.pdf,Manly P. Hall,,,unsorted,1420
The_Dissipative_Quantum_Model_of_the_Bra.pdf,The Dissipative Quantum Model of the Brain: How Consciousness (of the Other) Arises from the Interactive Process of the Body-Brain and Environment. Our Igwebuike-ness is Quantum,"Dozie Iwuh, OSA",AMAMIHE: Journal of Applied Philosophy,article,science_bridge,65
The_Doubling_of_the_Degrees_of_Freedom_i.pdf,"The Doubling of the Degrees of Freedom in Quantum Dissipative Systems, and the Semantic Information Notion and Measure in Biosemiotics",Gianfranco Basti,Proceedings,paper,science_bridge,20
The_Home_of_Truth_The_Metaphysical_World.pdf,The Home of Truth: The Metaphysical World of Marie Ogden,Stanley J. Thayne,,thesis,metaphysics,160
The_Husserl_Dictionary.pdf,The Husserl Dictionary,,,book,unsorted,877
The_Husserlian_Project_of_Formal_Logic_a.pdf,The Husserlian Project of Formal Logic,Carlos Lobo,,paper,unsorted,414
The_Mechanisms_of_Psychedelic_Visionary.pdf,The Mechanisms of Psychedelic Visionary Experiences: Hypotheses from Evolutionary Psychology,Michael J. Winkelman,,article,science_bridge,83
The_Nature_of_Belief_and_the_Method_of_J.pdf,The Nature of Belief and the Method of Its Justification in Husserl’s Philosophy,Carlos Sanchez,Indo-Pacific Journal of Phenomenology,paper,metaphysics,36
The_Neuro_Significance_of_the_Human_Facu.pdf,The Neuro-Significance of the Human Faculty of the Will: Emphasizing and Understanding the Operations of the Will in Medical Science,Dozie Iwuh,,paper,science_bridge,26
The_Passive_Syntheses_of_Time.pdf,The Passive Syntheses of Time,,,paper,unsorted,70
The_Quantum_Nature_of_Biological_Intelli.pdf,The Quantum Nature of Biological Intelligence,"Manzalini A, Galeazzi B",,paper,science_bridge,46
The_Religious_Revolution_Elizabeth_Cady.pdf,The Religious Revolution: Elizabeth Cady Stanton’s The Woman’s Bible and Eliza Farnham’s Truth in Woman Movement,John Erickson,,paper,unsorted,119
The_Saltatory_Sheaf_Odyssey_of_a_Monadol.pdf,The Saltatory Sheaf-Odyssey of a Monadologist,Gordon Globus,NeuroQuantology,article,science_bridge,29
The_Science_of_Ascension_A_Neurologicall.pdf,"The Science of Ascension: Bodily Ego, Consciousness, Connection",Dr. Mike Sosteric,,article,science_bridge,70
The_Visualization_of_Time_in_Fifteenth_C.pdf,The Visualization of Time in Fifteenth Century,,,paper,metaphysics,353
The_dissipative_quantum_model_of_brain_h.pdf,The dissipative quantum model of brain: how do memory localize in correlated neuronal domains,"Eleonora Alfinito, Giuseppe Vitiello",,paper,science_bridge,23
Theosophy_New_Thought_and_New_Age_Movem.pdf,The Role of Clara Muhammad in Black Muslim Activism,,,article,metaphysics,64
Therapeutic_Culture_and_Religion_in_Amer.pdf,Therapeutic Culture and Religion in America,Katja Rakow,Religion Compass,article,healing_modalities,43
Three Good Things.pdf,Three Good Things,,,worksheet,healing_modalities,6
Toward_a_Quantum_Psychiatry_Hallucinatio.pdf,"Toward a Quantum Psychiatry: Hallucination, Thought Insertion and DSM",Manly P. Hall,NeuroQuantology,article,science_bridge,40
Toxic_Socialization.pdf,Toxic Socialization: A theory of human dysfunction,Mike Sosteric,,paper,science_bridge,121
Traces_of_a_Feminist_Protest_Kylie_Tenna.docx,Traces of a Feminist Protest: Kylie Tennant’s novel Tell Morning This,Dee Michell,,chapter,unsorted,39
Turning “You” into “I” Spreadsheet.pdf,Turning “You” into “I”,Dr. Jeremy Sutton,,worksheet,unsorted,1
Using Intrinsic Values to Promote Goal Commitment.pdf,Using Intrinsic Values to Promote Goal Commitment,,,article,unsorted,9
Using Role Models to Facilitate Goal Achievement.pdf,Using Role Models to Facilitate Goal Achievement,,Positive Psychology Toolkit,article,science_bridge,5
VIA Signature Strengths Scoring Sheet.pdf,VIA Signature Strengths Scoring Sheet,,,worksheet,science_bridge,4
Value Cards.pdf,Value Cards,Chris LeBaudour,,worksheet,science_bridge,7
Values Vision Board.pdf,Values Vision Board,,,worksheet,unsorted,4
Values-Based Goal Setting.pdf,Values-Based Goal Setting,,,worksheet,science_bridge,9
Vico_and_the_Phenomenology_of_the_Moral.pdf,Vico and the Phenomenology of the Moral Sphere,Robert Welsh Jordan,Social Research,article,science_bridge,20
Vid Transcripts 3:28:25 dharma talk.pdf,Never Knowing Where We Fly,,,transcript,metaphysics,29
What Strengths Do Others See.pdf,What Strengths Do Others See?,Dr. Jeremy Sutton,,worksheet,science_bridge,1
What_is_Religion.docx,What is Religion?,Dr. Mike Sosteric,Athabasca University Sociology 231: The Sociology of Religion,paper,metaphysics,90
Women_Journeying_With_Spirit.pdf,Women Journeying with Spirit,Deidre Michell & Jude Noble,,book,metaphysics,315
Womens_Religious_Leadership_in_the_Unit.pdf,Women's Religious Leadership in the United States,Catherine Wessinger,,book,unsorted,71
Word_of_light_Dante_and_Bartolomeo_da_Bo.pdf,Word of Light: Dante and Bartolomeo da Bologna,,,paper,unsorted,356
Workplace Mindfulness.pdf,Workplace Mindfulness,Dr. Jeremy Sutton,,article,unsorted,2
Writing as a Metaphor for Strength and Weakness.pdf,Writing as a Metaphor for Strength and Weakness,,,worksheet,science_bridge,3
Your Personal Flow Profile.pdf,Your Personal Flow Profile,Elaine Houston,,worksheet,unsorted,9
syllabus_Introduction_to_American_Religi.pdf,Introduction to American Religion: A Novel Approach,Nathan Fredrickson,,syllabus,unsorted,116
« Les 12 étapes des AA » avec le père Martin..pdf,The 12 Steps of Alcoholics Anonymous,,,transcript,addiction_recovery,24
